{
    "laps_completed": 1,
    "lap_times_sec": [
        68.877874421
    ],
    "crashes": 0,
    "total_elapsed_time_sec": 188.192802629,
    "total_distance_m": 47.309737928865026,
    "average_speed_m_s": 0.25138973046769814
}